id,instagram,bio_link
holiday__zip,https://www.instagram.com/holiday__zip/,https://link.inpock.co.kr/holidayzip?utm_source=ig&utm_medium=social&utm_content=link_in_bio&fbclid=PAZXh0bgNhZW0CMTEAc3J0YwZhcHBfaWQMMjU2MjgxMDQwNTU4AAGn33zs9PH2VBPXfNbxaDWHcq5YSXjEvHxwpBS0N_-Qvc_ShJiTQkLZRM3bZH8_aem_qCbGm792LLZDw1lOD25fxQ
freehan_is,https://www.instagram.com/freehan_is/,https://litt.ly/freehan_insoo?utm_source=ig&utm_medium=social&utm_content=link_in_bio&fbclid=PAZXh0bgNhZW0CMTEAc3J0YwZhcHBfaWQMMjU2MjgxMDQwNTU4AAGn_1EwN47vKYfxalCbbry5hLoporJCDgvYBF0oeAph2hjoHizFczsIq6qozXA_aem__IxHassIt36CDNfy7J6vSQ
soodori_travel,https://www.instagram.com/soodori_travel/,https://www.threads.com/@soodori_travel?xmt=AQF0qIfqnG4eS5uQi0NYd-F1Gxqxo6ShDyATy80Wl3lYQZ0
jinnie_j__,https://www.instagram.com/jinnie_j__/,
sing.______,https://www.instagram.com/sing.______/,https://link.inpock.co.kr/seunga_travel_?utm_source=ig&utm_medium=social&utm_content=link_in_bio&fbclid=PAZXh0bgNhZW0CMTEAc3J0YwZhcHBfaWQMMjU2MjgxMDQwNTU4AAGnTnKf5M4HXzfM4fQH1TK_g5WxIzjkr0PPLoCmzQd5HR6mtXC7WRmQ3mgemE4_aem_izVgqboayUZmD4Us_1Toow
jh__appy_,https://www.instagram.com/jh__appy_/,https://inpk.link/jh__appy_?utm_source=ig&utm_medium=social&utm_content=link_in_bio&fbclid=PAZXh0bgNhZW0CMTEAc3J0YwZhcHBfaWQMMjU2MjgxMDQwNTU4AAGniDMqss_oOojlopq3PBwDumF1riE0yTDS-R0LAoL1WHoe1UPTsQkBuy0vSF0_aem_h77jwzV9Edc7oIrPG_CJtA
life.traveler.jayna,https://www.instagram.com/life.traveler.jayna/,https://litt.ly/jayna?utm_source=ig&utm_medium=social&utm_content=link_in_bio&fbclid=PAZXh0bgNhZW0CMTEAc3J0YwZhcHBfaWQMMjU2MjgxMDQwNTU4AAGnqEWqkKr_H3O-ZkRfymNZ2VtvujR4XDLAay7ZtlTu0uJY0sUGKhRu09_C6zM_aem_WDzHmvsiWMipSUU4QxNa7Q
itsotravel,https://www.instagram.com/itsotravel/,https://link.inpock.co.kr/itsotravel?utm_source=ig&utm_medium=social&utm_content=link_in_bio&fbclid=PAZXh0bgNhZW0CMTEAc3J0YwZhcHBfaWQMMjU2MjgxMDQwNTU4AAGn__tQDOACMls-rb7FHxHvpPnvcSSQyuTrhBfHrSLIx30x_0ZI9CrIT1xNU9w_aem_DrzByxkxPRuOqSrwdIdb8A
busan_matna_,https://www.instagram.com/busan_matna_/,https://www.threads.com/@busan_matna_?xmt=AQF078bOyo1PLX9NZKoLtit8adg7kCb--d0Dp045l97ZktQ
ggami_travel,https://www.instagram.com/ggami_travel/,https://link.inpock.co.kr/ggami?utm_source=ig&utm_medium=social&utm_content=link_in_bio&fbclid=PAZXh0bgNhZW0CMTEAc3J0YwZhcHBfaWQMMjU2MjgxMDQwNTU4AAGnunB88UGYctZ7FtDhgjqcrgSB8THY_LeF6x0ZQBQ9WfXWe8y0l8y0eReL0Hc_aem_z43ngHqj8GSPzEff0OiLig
hyemingway0707,https://www.instagram.com/hyemingway0707/,https://litt.ly/hyemingway?utm_source=ig&utm_medium=social&utm_content=link_in_bio&fbclid=PAZXh0bgNhZW0CMTEAc3J0YwZhcHBfaWQMMjU2MjgxMDQwNTU4AAGnr5mH9mccRdX2iEadJp6H8lkprWapTPhedtYTxXaDFI7Z-9bUWj-6X_QBjKA_aem_p1ie9SuRbXV683TD2fPKBQ
tk__natasha,https://www.instagram.com/tk__natasha/,https://litt.ly/tk__natasha?utm_source=ig&utm_medium=social&utm_content=link_in_bio&fbclid=PAZXh0bgNhZW0CMTEAc3J0YwZhcHBfaWQMMjU2MjgxMDQwNTU4AAGn61hJugyceEbRRy3KdgLV7s6_Veh0E6y9kKSNKRP913zHmvVpoY-dpeG5aCE_aem_Fnkne1orM_qd9jV9Mj7Qpw
tulney_,https://www.instagram.com/tulney_/,https://litt.ly/tulney?utm_source=ig&utm_medium=social&utm_content=link_in_bio&fbclid=PAZXh0bgNhZW0CMTEAc3J0YwZhcHBfaWQMMjU2MjgxMDQwNTU4AAGng1KTx1Uu7HrXZ83C22BKnDX2WMnzWGsr9LENj239UOrgqLYsjTHBHYYXTPQ_aem_llZHwW_Ecd6jjQ_Imwp2gg
dorossi_life,https://www.instagram.com/dorossi_life/,https://litt.ly/dorossi_life?utm_source=ig&utm_medium=social&utm_content=link_in_bio&fbclid=PAZXh0bgNhZW0CMTEAc3J0YwZhcHBfaWQMMjU2MjgxMDQwNTU4AAGnFE7xSBS9RdVAZoxJPp6yNOKHzKNAvroTZ9h51qpQH_uU_C_lcZfbVmJK6Vk_aem_ds2Bz9AXb2kxKONcxKybRw
urang.trip,https://www.instagram.com/urang.trip/,
choojangtrip,https://www.instagram.com/choojangtrip/,https://link.inpock.co.kr/chooravel?utm_source=ig&utm_medium=social&utm_content=link_in_bio&fbclid=PAZXh0bgNhZW0CMTEAc3J0YwZhcHBfaWQMMjU2MjgxMDQwNTU4AAGn_DM9SNow6UYMYLTA8Emp_tq9VybXyvFapnDpnUBBf3-AotHdiYluD6Pdigc_aem_-_UJeyIGUajh6pcBhr-AZw
seoli_o3o,https://www.instagram.com/seoli_o3o/,https://litt.ly/seoli_o3o?utm_source=ig&utm_medium=social&utm_content=link_in_bio&fbclid=PAZXh0bgNhZW0CMTEAc3J0YwZhcHBfaWQMMjU2MjgxMDQwNTU4AAGncOfIuADxtpgpJVdm_fzXJ3LmcxjyMDyib9TxK19CoiEGau_IVVxl0DOmk0U_aem_AhAvY2tZfjvCVgVtsHfnjA
uely_,https://www.instagram.com/uely_/,https://link.inpock.co.kr/uely_?utm_source=ig&utm_medium=social&utm_content=link_in_bio&fbclid=PAZXh0bgNhZW0CMTEAc3J0YwZhcHBfaWQMMjU2MjgxMDQwNTU4AAGnk382wSnDoDWSYVMfTUQRivLhOw6arhCcNzvodrq3AyQ08hKgcoMrJaF8mM0_aem_ouo93t_Y2MFv9STcq5kbwg
undefined_uhfc,https://www.instagram.com/undefined_uhfc/,https://lnk.bio/kickasstravel?utm_source=ig&utm_medium=social&utm_content=link_in_bio&fbclid=PAZXh0bgNhZW0CMTEAc3J0YwZhcHBfaWQMMjU2MjgxMDQwNTU4AAGnG2jrB1FSincYr12vPKCrhjxzbUuBj5XR0KAyhpNKEFqHwpZYEHOYGQidCN8_aem_tVT6WagqgJvobG-R4le0eA
