구분,상품명,현재URL
링크탭_꿀팁,후쿠오카 근교 버스투어,https://inpk.link/api/r/7eoXehFfFKsEcPUbbq8dN11T8_5nO3Y96Ngx6rDWU21VvZQxIfgrjSXkNQTQitvJm-e6J4yStVepvd0Yq6lfKc-Xgq_uEqZTLGdCQutONxw8UCTmfbAWLt4sYK14JgMyC7YmunF-EUIcoZHqPy57OjlpN5Dr
링크탭_꿀팁,후쿠오카 공항 ATM 정보,https://inpk.link/api/r/MTu0xQf_K_MFW7d0XisxTUm7i_S8r7VTCtNAY4zFm9267l8IgWTEN9mHSr2DfvOa84CqfBFUO4p3QKF2msRuS2C0TFvWUts9h4kJEimfC_rjoZslyoxyT51V-ypCHRt5fezGzXDLRCVjDeevtWcWm2MLBWBizODc7csYHFyXnx7lXAxsQ0ZLxyvJPG-eR9WmfQ6LAyhWvuGgMdIWhLqNhVXYv-LR_VbOfOMl9cWn
링크탭_꿀팁,일본 택시 꽁짜로 타기,https://inpk.link/api/r/131mATriSRdZvaLhSVg4uxw48whRgTRSTT5KZBo6yuPbi4aUX_JV24WmyZI-0wBx5cKTWHNvSaEyl0ZRm5NrOP2nLuUJ_Z7uVoxFHRCv6rPb9B5vAP4POjg6PnnM8sWd-AliIysc5JjBErISHGqISFQYi4ywxhWe-8JO9FqHNbXM_2KaEOO61oxysxzNnuLUcuaTsDh1hkzieFvOOEeu6Q
링크탭_꿀팁,로손 500엔 상품권,https://inpk.link/api/r/drIvU2H4RSg3Ng3pjHyhXWmgU2wL0m-4utJ6N-8rgeaEh5bXDAUBBNArM_o3PCW3zBS962HaFI2SNnP1V294SdfQHTtEyHRRAoARzt4xgNhrjogjQMwThTKrnbH3lyBdyJkw2edc1HRb8BdggDqkWOwPZDSHb8QO3VW04azylFxu77tXM7jWrOL9MrmCfI2iFZ_bGB8_-jhOP8TEqijAf2I9nDy--_x83q0Ms7_UWH5DLJvhRZzF5VmcWvMScevuBhsAPlIE4v8QzdwI_MN-Wc_Zg95pGzOFiUckG0dcSZcN09slpoaPsytsrugZz8vfaazDk0-WT2wd6HDmGCtAsAdn4hFRF_ccd9fgBefqfMDRU5b1JzfR7rjgqy96EHsqpn5KIfF6R6eOCkJIadBRqHiZVFNa_s96rsYn6P1mi3un9lt49uEN105WCknAu4pZOF-w_Cu2PZJvV9fxVz3fgL1D4q-b0KCapg
링크탭_꿀팁,돈키호테 할인쿠폰,https://inpk.link/api/r/A4-RPon75J63cJMj1oUdsZcnbvHjc-n3zEzVrnryyHH46pqMxmQvm-v0ezjlp98WRRkbAmrY_DM78LzCrwuFieimXPT94QKXE6RAUUy4PKLX3w6f3RbJzmg15qKnvZf5bcyELcNR5a83e3cKwugmpycsNI27MsCnsJ80hlt0E1bm44Hiro4img
링크탭_꿀팁,인천공항 승객 현황,https://inpk.link/api/r/Rx8Q_b5xop2pNs6hNXPATn69H4hn6087vL7IaCnR_dGGf5kl9iEg2-8t-5nA1xDStjjEr-YuKYQBMAndVAd-0jksQXqedEPVdljrX7iT0WLRkqgDFO1s53rAB4FEPnY540gJAozOnFIrRIDCKvY-rRnfSe_TDStbbsCK9y3P-ENkk0qFpNy4WH1Ehhtgk5a5zlZIV_gN7MzHZz3dxddYOK1ffYV1EsqGSf1AOv_ZKAwEZPbEYseS_27R5q2MFsN7owwMUZ1WOgYhHNYuaB4XFKg9k6gG3QpUQsiX6CaDbGWC81hFRQ5cUln7P86iohUdQRZha36B7S8
링크탭_여행아이템,나고야 가성비 호텔,https://inpk.link/api/r/Dnee9g_w4qi8M2KkmGJf7Zs1uoXa_a6P-Ys0-rWozHchH6gPJHvgLsGCHMR5NA7tYyw6S62ojAB1zRPNw54hJXxD8VkempiL3S8FLzwRTf04mwngpMk111ns5-GoVNQrDgzTA2ScMc6RhQ_2VoWkeARSwcm7H2FNMjuUN-a-VBWltdoWw5MFRNdipphz7MMG97Lc2c1prl5_EjTqqqMIGWgWo7BLyKdNyQMm
링크탭_여행아이템,나고야 가성비 호텔2,https://inpk.link/api/r/EK2B5sjWaBvtuTVqawsveXIG2B5S31Y8YOLVffqqVCt6S-guxanykyDXCBSqRl_bpz72ts6ewtsx0usZDGqUc5O6LoNzla0TMU8Ld9LL5QvPjURb47fr4SNTwnSuN9tn-vzCIFd1JnTJHKAZ3WUMBSudTmwN
링크탭_여행아이템,나고야 근교 버스투어,https://inpk.link/api/r/ECSd2oUDAyi7sKkRXfnBkT5dlIRObxMZksLOgPjay52N0_Wee6UZBFvSJ0lsqKipyv0lfbqobW-HprJajyJYSjJeCAo30df2dlFjjnxoSjbWqeuUSerTiRGncjrvrmayjkekpga9rizrcQuIEcEeBehd33VdJ4Du41073DU2sfsUaOYsAVmkct9JOtwb6AxVPYFvZm-e4TQ857a0Tti6nAWzfkjmTY29rp9YKM4XIJFEYQ0
링크탭_여행아이템,오사카 소테츠 호텔,https://inpk.link/api/r/NyvqUPKqeAnEIsdjpmk-UofalgOKMjflFHUJnbN8YLUjERKZbbCheiW77eUq5171-0Sib0Ayv6FDq-nYcY-6P2lZc_faKxI1uf8ddmvAD0ET5ZhhtBWBc2YdvUvi_Fkomd9HSfOD8a3TuQZRyEfFlw46Spj1
링크탭_여행아이템,간사이 공항 픽드랍,https://inpk.link/api/r/-M2AWHQjbCvJfIJemuHXf-CocBjw-0u2heJ4yYlhAyLPsmUdNiFjNcWXEEV4M9IDS9bX0tPS8O8ZDpAXXxX0HIh9-C_22ZvmaLVO4USOmy3XVinExNP0P93bBg7gIEJgZV7z5BlfD2OF6Iw7krN5MMU8SRiG9bnIDMcSFbnB9sa4IIHxGKFqgCtf2leEm5b30L1KUIM79_ewKdWm-OXOc3KSBZg0MtkzhUSqjL2neBwJyDs
링크탭_여행아이템,오사카 가성비 럭스,https://inpk.link/api/r/beA03SsUua-1iuLureTbYmLjrF30CTGi02CSfEZCEDfH-TaZeJIP_GxSGUjZjBX7gBfd1e9wQFHJBEFR-YbAtEMcFnbBF667URNN1t5hSRWCVS7-nSb4D4YAwDVCHNEXCRFtbLIpaoZMhCLap98NaKfhpuYLqaG_H9V4PNT-bUPatQ-Cfkiz-kIAXlTwf7SCKZR46IhTzO85EqeD1OZBk9Fww2gTcjFTsWK5f3uQx82qJFEUUApNX-8MNDqtCTLI7O_h4d4xGX_Copsc-p4dQSbgeexqINbdewPFL5JsafPz4Fhj5miJEtJR
링크탭_여행아이템,오사카 무제한 교통,https://inpk.link/api/r/rUxkLiOZrLWIpCHUTLcadNzrwteK67Z8DJXtg_dyvmp03hFImFQasIGW9XohR0-08HT7Sy514r-HkiFXpGaGyUE9NP5IPGShwuKymNlcFnabVrNJZjUuDw3eKwtT0-vvtMIHSoi0YQ5I7LkLyYx_B3G5kxggEob-rAovK4ZryQpc8x8_gxpI60Jmmhp25-PaVuZTifm-KgKVPxbeBlac4XDMHZvoNtaWYGjCTTHlLtK29SnosWvCLNCcXn2G4kf1o1YUilp9UNFpwYjfJ6YffmdL4GTO4H9bqjukHHZoUEHTL_LIA4zjMHq_4IwF4qTVSonfEbyC7EKBjIKYcZu261EdMC2dTng_f0W4yB5pgSzD4mLBrMQk6CXBUgaYSHqdbAVGOO1r-DyL91c
링크탭_여행아이템,교토 당일 버스투어,https://inpk.link/api/r/CpITToJua9SRGqantvPOt8H-YA2hCvGu3LpqtZP29JUQpkJU8Zgur4X5J5SUuMwlbuOpCu_dWtt9o1YDdKhHiWohWu502mqA_qexjSLBCFkxdkK88jD_0SzTlobYIQDFpBSfkrcJAXIaNJ2vjovpk6tupfts1Byu2x9trbUrb5irp1ihmmEONIyiwXD5KEP9b0NK2svX73iYtWqyY5CCkyB90iOv_zzIg3bh
링크탭_여행아이템,BEB5 오키나와 리조트,https://inpk.link/api/r/yR19tqwfk9znGkSjEuMZOj5xGEQWnuxGmIIhWbhOvPQBJUbakWWI5v9wVDeDw7h3L2nyPsi6j0k_gx1h-acP4ItovVwEMTayQEI7kue07rvoN08GRfSiMT1ZRvxyTo3IRso4B6Yx0Ov3OefnpLOYHlLCvvSW
링크탭_여행아이템,대만 예스진지 투어,https://inpk.link/api/r/S9jmgQnHKjANldRnjvyu53Y0XYGsCegc53WcNwq7Mr8DbnA9RC_1zvfIrYTogTptpLEUkO0eXali8W3tuXCr6BEIAQuE0sU56rYZHeYIyACA4iGkwIqSsyrPUWAlbk6p7InnIH7NBS-AR4N1rJAwrn1NHrTb
링크탭_여행아이템,만능 이심 Saily,https://inpk.link/api/r/uZUT9vS3JIt6v66F8s_ZXLlL705Ne-_MfMyPDKlCyIXRC30ezgBowpaQKMZn8kVFGCF5WAYG6Utn1Nzl9RtFuifjVBSi76MtjlxuyBxIXuMhwESkXNElYRuylSdbAZgd4SA0-FuVFriHgtXWk1BxssM
링크탭_여행아이템,클룩 5% 할인코드,https://inpk.link/api/r/JagxH1s-ONH73iUFbVnjAQNrfgrfzCfCwTsExni-OEwSTHOVnnKCkNgjuhhpibQZ9UQN7k9vCmv9CreN7-RFF_WDzBmJaY-o3y1Kw84JRANERX7GA9EvuiXkjDLlccqozz_cRvFFvZZ9nu54q_cQ_ftGVGxSDuvjeM1iGkObzpYUXqyzT-WAluMAiVmVBQa0Tki2iqN_EHen8dAZTdd4CLo980GrpT7S_uKuViaiJDRivJYqWEwJMc2aiw5IDrvavw
링크탭_여행아이템,브랜든 세이플 플러스 가방,https://inpk.link/api/r/2MV0s81VrV3HY6Z-AcmqbyTe_zWCMOioF6l3a9AhjKkfgSus67m1swXFezDXZpwjbRuObN4cL24Zp1M8lf62-uWZNOYDGb39tX3Ib4zducYGJ6gmw6DeeYSQ9HY8gJFVonypE4y4cTQzmMpNA9CQIimJ28wqaHyXQw
링크탭_여행아이템,인스타360 플로우2 프로,https://inpk.link/api/r/kHeUN2QkZVLPKG24ZwQQeZ-Pj18p12fLWKArOUFqrBN_f6nNrRFeMn1ODY2-Jra6wLvX1k2-fyVtVJi2oHR0t61hmTppWIDtnEKgRWlfhG5r36ag9dMH7XhVwZX8i94KTXi8FgBFql01srBfpJBF6oLUVMZ6hGTKQBQZbA
링크탭_여행아이템,주파집 어댑터+콘센트,https://inpk.link/api/r/Qi9gXc95AWj-0pbMZVd7akB65RX1CSXiXabmtVGbZNC2hyn5_CzN8yZDFS0o_3p2Ijp-YNPXhgfp1YO7CHcUOiYVje2zp3tRMtYB5f44mpbecTqJA3M2aXgjKR4wgkNV7D0P74maPeMdDMxNFxDz7vOzoDrfGmLJDXhxsg
링크탭_여행아이템,듀벨 여행용 샤워기 필터,https://inpk.link/api/r/DbDQGtHxSHTfLjRUK3EWzwMAMnvbSxRDyoL8xqvXjyNxgkI2-HKWDhhAfCyg1r4nK1ANwS-2xM0T48SYeXGAlNADkK6WKnbWsd72JKjSZJzRdDEdF1S85Ff2ir7MBG8diyP-zkIRlN4OdwG3ZozQMonlWFyGsMSoioQZfg
필수템_코스,후쿠오카 산큐패스 2일권,https://myrealt.rip/90eGe5
필수템_코스,히타 자전거 투어,https://myrealt.rip/UWazb8
필수템_코스,후쿠오카 투어리스트 시티패스,https://myrealt.rip/90gJ2c
필수템_코스,일본 이심 (5일 2GB/일),https://www.myrealtrip.com
숙소,토요(도요)호텔,https://www.agoda.com/ko-kr/search?pcs=1&cid=1918022&hl=ko-kr&checkIn=2025-03-18&checkOut=2025-03-19&adults=2&rooms=1&selectedproperty=65782&city=16527&pslc=1&ds=QzyFS0MXWeknmeip
숙소,코코호텔,https://www.agoda.com/partners/partnersearch.aspx?pcs=1&cid=1918022&hl=ko-kr&hid=9076868
숙소,코트호텔,https://www.agoda.com/partners/partnersearch.aspx?pcs=1&cid=1918022&hl=ko-kr&hid=339715
숙소,더 라이블리 호텔,https://www.agoda.com/partners/partnersearch.aspx?pcs=1&cid=1918022&hl=ko-kr&hid=6496510
